--------------------------------------------------------
--  File created - Tuesday-March-19-2013   
--------------------------------------------------------
--------------------------------------------------------
--  DDL for Sequence ORDER_SEQ
--------------------------------------------------------

   CREATE SEQUENCE  "HR"."ORDER_SEQ"  MINVALUE 1 MAXVALUE 999999999999999999999999999 INCREMENT BY 1 START WITH 115209821 NOCACHE  NOORDER  NOCYCLE ;
--------------------------------------------------------
--  DDL for Table CATEGORY
--------------------------------------------------------

  CREATE TABLE "HR"."CATEGORY" 
   (	"CAT" VARCHAR2(30 BYTE)
   ) PCTFREE 10 PCTUSED 40 INITRANS 1 MAXTRANS 255 NOCOMPRESS LOGGING
  STORAGE(INITIAL 65536 NEXT 1048576 MINEXTENTS 1 MAXEXTENTS 2147483645
  PCTINCREASE 0 FREELISTS 1 FREELIST GROUPS 1 BUFFER_POOL DEFAULT)
  TABLESPACE "USERS" ;
--------------------------------------------------------
--  DDL for Table ITEM
--------------------------------------------------------

  CREATE TABLE "HR"."ITEM" 
   (	"ITEM_ID" VARCHAR2(20 BYTE), 
	"ITEM_NAME" VARCHAR2(100 BYTE), 
	"ITEM_PRICE" NUMBER(10,0), 
	"ITEM_QUANTITY" NUMBER(5,0), 
	"ITEM_CAT" VARCHAR2(100 BYTE), 
	"ITEM_DETAIL" VARCHAR2(300 BYTE), 
	"IMAGE" BLOB
   ) PCTFREE 10 PCTUSED 40 INITRANS 1 MAXTRANS 255 NOCOMPRESS LOGGING
  STORAGE(INITIAL 65536 NEXT 1048576 MINEXTENTS 1 MAXEXTENTS 2147483645
  PCTINCREASE 0 FREELISTS 1 FREELIST GROUPS 1 BUFFER_POOL DEFAULT)
  TABLESPACE "USERS" 
 LOB ("IMAGE") STORE AS (
  TABLESPACE "USERS" ENABLE STORAGE IN ROW CHUNK 8192 PCTVERSION 10
  NOCACHE LOGGING 
  STORAGE(INITIAL 65536 NEXT 1048576 MINEXTENTS 1 MAXEXTENTS 2147483645
  PCTINCREASE 0 FREELISTS 1 FREELIST GROUPS 1 BUFFER_POOL DEFAULT)) ;
--------------------------------------------------------
--  DDL for Table ADMIN_TABLE
--------------------------------------------------------

  CREATE TABLE "HR"."ADMIN_TABLE" 
   (	"ADMIN_ID" VARCHAR2(50 BYTE), 
	"ADMIN_NAME" VARCHAR2(100 BYTE), 
	"ADMIN_MOB" VARCHAR2(10 BYTE), 
	"ADMIN_PWD" VARCHAR2(50 BYTE), 
	"ADMIN_SQUES" NUMBER(2,0), 
	"ADMIN_SANS" VARCHAR2(200 BYTE), 
	"ADMIN_CITY" VARCHAR2(100 BYTE)
   ) PCTFREE 10 PCTUSED 40 INITRANS 1 MAXTRANS 255 NOCOMPRESS LOGGING
  STORAGE(INITIAL 65536 NEXT 1048576 MINEXTENTS 1 MAXEXTENTS 2147483645
  PCTINCREASE 0 FREELISTS 1 FREELIST GROUPS 1 BUFFER_POOL DEFAULT)
  TABLESPACE "USERS" ;
--------------------------------------------------------
--  DDL for Table CUSTOMER
--------------------------------------------------------

  CREATE TABLE "HR"."CUSTOMER" 
   (	"CUSTOMER_ID" VARCHAR2(50 BYTE), 
	"CUSTOMER_NAME" VARCHAR2(100 BYTE), 
	"CUSTOMER_MOB" VARCHAR2(10 BYTE), 
	"CUSTOMER_PWD" VARCHAR2(50 BYTE), 
	"CUSTOMER_SQUES" NUMBER(2,0), 
	"CUSTOMER_SANS" VARCHAR2(200 BYTE), 
	"CUSTOMER_CITY" VARCHAR2(100 BYTE)
   ) PCTFREE 10 PCTUSED 40 INITRANS 1 MAXTRANS 255 NOCOMPRESS LOGGING
  STORAGE(INITIAL 65536 NEXT 1048576 MINEXTENTS 1 MAXEXTENTS 2147483645
  PCTINCREASE 0 FREELISTS 1 FREELIST GROUPS 1 BUFFER_POOL DEFAULT)
  TABLESPACE "USERS" ;
--------------------------------------------------------
--  DDL for Table LOG_TABLE
--------------------------------------------------------

  CREATE TABLE "HR"."LOG_TABLE" 
   (	"ORDER_NO" NUMBER(10,0), 
	"ISSUE_DATE" DATE, 
	"CUSTOMER_ID" VARCHAR2(50 BYTE), 
	"TOT_PRICE" NUMBER, 
	"SHIP_NAME" VARCHAR2(50 BYTE), 
	"SHIP_ADDRESS" VARCHAR2(4000 BYTE), 
	"SHIP_MOB" VARCHAR2(10 BYTE)
   ) PCTFREE 10 PCTUSED 40 INITRANS 1 MAXTRANS 255 NOCOMPRESS LOGGING
  STORAGE(INITIAL 65536 NEXT 1048576 MINEXTENTS 1 MAXEXTENTS 2147483645
  PCTINCREASE 0 FREELISTS 1 FREELIST GROUPS 1 BUFFER_POOL DEFAULT)
  TABLESPACE "USERS" ;
--------------------------------------------------------
--  DDL for Table INVOICE
--------------------------------------------------------

  CREATE TABLE "HR"."INVOICE" 
   (	"ORDER_NO" NUMBER(10,0), 
	"ITEM_ID" VARCHAR2(100 BYTE), 
	"QUANTITY" NUMBER(5,0), 
	"SHOP_PRICE" NUMBER(10,0)
   ) PCTFREE 10 PCTUSED 40 INITRANS 1 MAXTRANS 255 NOCOMPRESS LOGGING
  STORAGE(INITIAL 65536 NEXT 1048576 MINEXTENTS 1 MAXEXTENTS 2147483645
  PCTINCREASE 0 FREELISTS 1 FREELIST GROUPS 1 BUFFER_POOL DEFAULT)
  TABLESPACE "USERS" ;
REM INSERTING into HR.CATEGORY
SET DEFINE OFF;
Insert into HR.CATEGORY (CAT) values ('Music');
Insert into HR.CATEGORY (CAT) values ('Electronics');
Insert into HR.CATEGORY (CAT) values ('Sports and Fitness');
Insert into HR.CATEGORY (CAT) values ('TV');
Insert into HR.CATEGORY (CAT) values ('Laptops');
Insert into HR.CATEGORY (CAT) values ('Books');
Insert into HR.CATEGORY (CAT) values ('Mobile');
REM INSERTING into HR.ITEM
SET DEFINE OFF;
Insert into HR.ITEM (ITEM_ID,ITEM_NAME,ITEM_PRICE,ITEM_QUANTITY,ITEM_CAT,ITEM_DETAIL) values ('Mobile2','Samsung galaxy',10000,19,'Mobile','This is awesome');
Insert into HR.ITEM (ITEM_ID,ITEM_NAME,ITEM_PRICE,ITEM_QUANTITY,ITEM_CAT,ITEM_DETAIL) values ('lapy4','hp 330',50000,200,'Laptops','What a heck.');
Insert into HR.ITEM (ITEM_ID,ITEM_NAME,ITEM_PRICE,ITEM_QUANTITY,ITEM_CAT,ITEM_DETAIL) values ('5','hp 300',50000,100,'Laptops','Cool product.');
Insert into HR.ITEM (ITEM_ID,ITEM_NAME,ITEM_PRICE,ITEM_QUANTITY,ITEM_CAT,ITEM_DETAIL) values ('HpEnvey','hp 330',50000,100,'Laptops','What a heck.');
Insert into HR.ITEM (ITEM_ID,ITEM_NAME,ITEM_PRICE,ITEM_QUANTITY,ITEM_CAT,ITEM_DETAIL) values ('acer1','acer laptop',45000,1000,'Laptops','cfsdfeter');
Insert into HR.ITEM (ITEM_ID,ITEM_NAME,ITEM_PRICE,ITEM_QUANTITY,ITEM_CAT,ITEM_DETAIL) values ('Book1','Programming in Ansi C',150,100,'Books','This is awesome Book by
BalaGuru Samy.');
Insert into HR.ITEM (ITEM_ID,ITEM_NAME,ITEM_PRICE,ITEM_QUANTITY,ITEM_CAT,ITEM_DETAIL) values ('Book3','Head first java',250,100,'Books','This is book by Sun developers');
Insert into HR.ITEM (ITEM_ID,ITEM_NAME,ITEM_PRICE,ITEM_QUANTITY,ITEM_CAT,ITEM_DETAIL) values ('Mobile1','Samsung 1',10000,100,'Mobile','This is awesome');
Insert into HR.ITEM (ITEM_ID,ITEM_NAME,ITEM_PRICE,ITEM_QUANTITY,ITEM_CAT,ITEM_DETAIL) values ('Book2','3 mistakes of my life',100,100,'Books','This book is by Chetan Bhagat.');
Insert into HR.ITEM (ITEM_ID,ITEM_NAME,ITEM_PRICE,ITEM_QUANTITY,ITEM_CAT,ITEM_DETAIL) values ('1','dell 430',50000,100,'Laptops','This is awesome, I have never seen it before.');
Insert into HR.ITEM (ITEM_ID,ITEM_NAME,ITEM_PRICE,ITEM_QUANTITY,ITEM_CAT,ITEM_DETAIL) values ('2','dell 630',45000,100,'Laptops','This is awesome laptop, i5 series, 
4 gb ram, 15 inch monitor, 3 usb ports');
Insert into HR.ITEM (ITEM_ID,ITEM_NAME,ITEM_PRICE,ITEM_QUANTITY,ITEM_CAT,ITEM_DETAIL) values ('3','hp  dv6',50000,100,'Laptops','This is cool. 15 processor, 4 gb ram
Graphics card.');
Insert into HR.ITEM (ITEM_ID,ITEM_NAME,ITEM_PRICE,ITEM_QUANTITY,ITEM_CAT,ITEM_DETAIL) values ('Musci1','T series ',100,99,'Music','XYZ...');
Insert into HR.ITEM (ITEM_ID,ITEM_NAME,ITEM_PRICE,ITEM_QUANTITY,ITEM_CAT,ITEM_DETAIL) values ('Music2','T bhangda',10,100,'Music','What a heck.');
Insert into HR.ITEM (ITEM_ID,ITEM_NAME,ITEM_PRICE,ITEM_QUANTITY,ITEM_CAT,ITEM_DETAIL) values ('fridge1','godrej',10000,100,'Electronics','4 Star Energy Rating
Single Door Refrigerator
183 Litre Capacity
Toughened Glass Shelves
Door Lock
Semi Automatic Defrosting
Moisture Control');
Insert into HR.ITEM (ITEM_ID,ITEM_NAME,ITEM_PRICE,ITEM_QUANTITY,ITEM_CAT,ITEM_DETAIL) values ('bajaj iron','Bajaj MX 2 1200 Watts Iron',700,100,'Electronics','Dry; Steam and Spray Iron
Non-stick Coated Soleplate
1200 W Power Consumption
Spray Feature');
Insert into HR.ITEM (ITEM_ID,ITEM_NAME,ITEM_PRICE,ITEM_QUANTITY,ITEM_CAT,ITEM_DETAIL) values ('KentPurifier','Kent Super Plus Water Purifier',14999,1000,'Electronics','Reverse Osmosis
UF with TDS Controller
Kent Technology
8 L Total Capacity
Wall Mount
15 L/hr Filtration Capacity
Auto Shut Off');
Insert into HR.ITEM (ITEM_ID,ITEM_NAME,ITEM_PRICE,ITEM_QUANTITY,ITEM_CAT,ITEM_DETAIL) values ('EurekaVaccum1','Eureka Forbes Trendy Nano Vacuum Cleaner',2899,100,'Electronics','1000 W Motor Power
Dust Bag Full Indicator');
Insert into HR.ITEM (ITEM_ID,ITEM_NAME,ITEM_PRICE,ITEM_QUANTITY,ITEM_CAT,ITEM_DETAIL) values ('Whirpool1','Whirlpool Spin 621 Semi-Automatic 6.2 kg Washer Dryer',8150,1000,'Electronics','Buzzer
Hi Fibre Body
Impeller
Castors');
Insert into HR.ITEM (ITEM_ID,ITEM_NAME,ITEM_PRICE,ITEM_QUANTITY,ITEM_CAT,ITEM_DETAIL) values ('Kettle1','Orpat OEK-8127 Electric Kettle',784,100,'Electronics','1 L Capacity
850 W Power Consumption
Cordless Kettle
Auto Shut Off
Dry Boil Protection
Concealed Heating Element');
REM INSERTING into HR.ADMIN_TABLE
SET DEFINE OFF;
Insert into HR.ADMIN_TABLE (ADMIN_ID,ADMIN_NAME,ADMIN_MOB,ADMIN_PWD,ADMIN_SQUES,ADMIN_SANS,ADMIN_CITY) values ('iit2011211@iiita.ac.in','Shubham Mishra','1234567891','iit2011211',1,'answer','Delhi');
Insert into HR.ADMIN_TABLE (ADMIN_ID,ADMIN_NAME,ADMIN_MOB,ADMIN_PWD,ADMIN_SQUES,ADMIN_SANS,ADMIN_CITY) values ('iit2011115@iiita.ac.in','Himalay Joriwal','8601914745','iit2011115',5,'answer','Ahemada');
Insert into HR.ADMIN_TABLE (ADMIN_ID,ADMIN_NAME,ADMIN_MOB,ADMIN_PWD,ADMIN_SQUES,ADMIN_SANS,ADMIN_CITY) values ('iit2011209@iiita.ac.in','Vikash Sandhu','4526352654','iit2011209',9,'answer','Chandigarh');
REM INSERTING into HR.CUSTOMER
SET DEFINE OFF;
Insert into HR.CUSTOMER (CUSTOMER_ID,CUSTOMER_NAME,CUSTOMER_MOB,CUSTOMER_PWD,CUSTOMER_SQUES,CUSTOMER_SANS,CUSTOMER_CITY) values ('rohit','Ankit','9876543212','koiu',1,'0','tyu');
Insert into HR.CUSTOMER (CUSTOMER_ID,CUSTOMER_NAME,CUSTOMER_MOB,CUSTOMER_PWD,CUSTOMER_SQUES,CUSTOMER_SANS,CUSTOMER_CITY) values ('jiten19','Jiten','7897188308','hello',1,'19','unjha');
Insert into HR.CUSTOMER (CUSTOMER_ID,CUSTOMER_NAME,CUSTOMER_MOB,CUSTOMER_PWD,CUSTOMER_SQUES,CUSTOMER_SANS,CUSTOMER_CITY) values ('singh','shailendra','9044043228','123',2,'tommy','kanpur');
Insert into HR.CUSTOMER (CUSTOMER_ID,CUSTOMER_NAME,CUSTOMER_MOB,CUSTOMER_PWD,CUSTOMER_SQUES,CUSTOMER_SANS,CUSTOMER_CITY) values ('iit2011115@iiita.ac.in','Himalay Joriwal','1234567891','iit2011115',5,'answer','Ahemadabad');
Insert into HR.CUSTOMER (CUSTOMER_ID,CUSTOMER_NAME,CUSTOMER_MOB,CUSTOMER_PWD,CUSTOMER_SQUES,CUSTOMER_SANS,CUSTOMER_CITY) values ('iit2011209@iiita.ac.in','Vikash Sandhu','1234567891','1234',9,'answer','Chandigarh');
Insert into HR.CUSTOMER (CUSTOMER_ID,CUSTOMER_NAME,CUSTOMER_MOB,CUSTOMER_PWD,CUSTOMER_SQUES,CUSTOMER_SANS,CUSTOMER_CITY) values ('iit2011205@iiita.ac.in','Ankit Jat','1234567891','iit2011205',5,'answer','Dhar');
Insert into HR.CUSTOMER (CUSTOMER_ID,CUSTOMER_NAME,CUSTOMER_MOB,CUSTOMER_PWD,CUSTOMER_SQUES,CUSTOMER_SANS,CUSTOMER_CITY) values ('iit2011206@iiita.ac.in','Atul Sakhala','1234567891','iit2011206',6,'answer','Bhopal');
Insert into HR.CUSTOMER (CUSTOMER_ID,CUSTOMER_NAME,CUSTOMER_MOB,CUSTOMER_PWD,CUSTOMER_SQUES,CUSTOMER_SANS,CUSTOMER_CITY) values ('iit2011208@iiita.ac.in','Atul Vaibhav','1234567891','76',8,'answer','Dehradun');
Insert into HR.CUSTOMER (CUSTOMER_ID,CUSTOMER_NAME,CUSTOMER_MOB,CUSTOMER_PWD,CUSTOMER_SQUES,CUSTOMER_SANS,CUSTOMER_CITY) values ('iit2011203@iiita.ac.in','Vikhyat Tandon','1234567891','iit2011203',3,'answer','Agra');
Insert into HR.CUSTOMER (CUSTOMER_ID,CUSTOMER_NAME,CUSTOMER_MOB,CUSTOMER_PWD,CUSTOMER_SQUES,CUSTOMER_SANS,CUSTOMER_CITY) values ('iit2011211@iiita.ac.in','Shubham Mishra','1234567891','iit2011211',1,'answer','Delhi');
Insert into HR.CUSTOMER (CUSTOMER_ID,CUSTOMER_NAME,CUSTOMER_MOB,CUSTOMER_PWD,CUSTOMER_SQUES,CUSTOMER_SANS,CUSTOMER_CITY) values ('w','ee','1234567891','ee',1,'w','sd');
Insert into HR.CUSTOMER (CUSTOMER_ID,CUSTOMER_NAME,CUSTOMER_MOB,CUSTOMER_PWD,CUSTOMER_SQUES,CUSTOMER_SANS,CUSTOMER_CITY) values ('wer','w','1234567891','wer',2,'dd','fec');
Insert into HR.CUSTOMER (CUSTOMER_ID,CUSTOMER_NAME,CUSTOMER_MOB,CUSTOMER_PWD,CUSTOMER_SQUES,CUSTOMER_SANS,CUSTOMER_CITY) values ('iec2011086@iiita.ac.in','Sudhanshu','1234567891','aa',2,'sud','Allahabad');
Insert into HR.CUSTOMER (CUSTOMER_ID,CUSTOMER_NAME,CUSTOMER_MOB,CUSTOMER_PWD,CUSTOMER_SQUES,CUSTOMER_SANS,CUSTOMER_CITY) values ('haris_khan','haris','8601252506','abc',1,'89','allahabad');
REM INSERTING into HR.LOG_TABLE
SET DEFINE OFF;
Insert into HR.LOG_TABLE (ORDER_NO,ISSUE_DATE,CUSTOMER_ID,TOT_PRICE,SHIP_NAME,SHIP_ADDRESS,SHIP_MOB) values (115209807,to_date('19-MAR-13','DD-MON-RR'),'w',100,'ee','sfefe','1234567891');
Insert into HR.LOG_TABLE (ORDER_NO,ISSUE_DATE,CUSTOMER_ID,TOT_PRICE,SHIP_NAME,SHIP_ADDRESS,SHIP_MOB) values (115209808,to_date('19-MAR-13','DD-MON-RR'),'w',150,'ee','fefefe','1234567891');
Insert into HR.LOG_TABLE (ORDER_NO,ISSUE_DATE,CUSTOMER_ID,TOT_PRICE,SHIP_NAME,SHIP_ADDRESS,SHIP_MOB) values (115209809,to_date('19-MAR-13','DD-MON-RR'),'w',10,'ee','wdewf','1234567891');
Insert into HR.LOG_TABLE (ORDER_NO,ISSUE_DATE,CUSTOMER_ID,TOT_PRICE,SHIP_NAME,SHIP_ADDRESS,SHIP_MOB) values (115209810,to_date('19-MAR-13','DD-MON-RR'),'rohit',72750,'Ankit','dfgdf','9876543212');
Insert into HR.LOG_TABLE (ORDER_NO,ISSUE_DATE,CUSTOMER_ID,TOT_PRICE,SHIP_NAME,SHIP_ADDRESS,SHIP_MOB) values (115209811,to_date('19-MAR-13','DD-MON-RR'),'jiten19',100000,'Jiten','11, Sa','7897188308');
Insert into HR.LOG_TABLE (ORDER_NO,ISSUE_DATE,CUSTOMER_ID,TOT_PRICE,SHIP_NAME,SHIP_ADDRESS,SHIP_MOB) values (115209812,to_date('19-MAR-13','DD-MON-RR'),'jiten19',100,'Jiten','sdkhaskdjas','7897188308');
Insert into HR.LOG_TABLE (ORDER_NO,ISSUE_DATE,CUSTOMER_ID,TOT_PRICE,SHIP_NAME,SHIP_ADDRESS,SHIP_MOB) values (115209813,to_date('19-MAR-13','DD-MON-RR'),'singh',10000,'shailendra','rtrtr','9044043228');
Insert into HR.LOG_TABLE (ORDER_NO,ISSUE_DATE,CUSTOMER_ID,TOT_PRICE,SHIP_NAME,SHIP_ADDRESS,SHIP_MOB) values (115209814,to_date('19-MAR-13','DD-MON-RR'),'singh',700,'shailendra','rtrtr','9044043228');
Insert into HR.LOG_TABLE (ORDER_NO,ISSUE_DATE,CUSTOMER_ID,TOT_PRICE,SHIP_NAME,SHIP_ADDRESS,SHIP_MOB) values (115209815,to_date('19-MAR-13','DD-MON-RR'),'w',100,'ee','qdqds','1234567891');
Insert into HR.LOG_TABLE (ORDER_NO,ISSUE_DATE,CUSTOMER_ID,TOT_PRICE,SHIP_NAME,SHIP_ADDRESS,SHIP_MOB) values (115209816,to_date('19-MAR-13','DD-MON-RR'),'w',2500,'ee','asd','1234567891');
Insert into HR.LOG_TABLE (ORDER_NO,ISSUE_DATE,CUSTOMER_ID,TOT_PRICE,SHIP_NAME,SHIP_ADDRESS,SHIP_MOB) values (115209817,to_date('19-MAR-13','DD-MON-RR'),'w',110,'ee','sdf','1234567891');
Insert into HR.LOG_TABLE (ORDER_NO,ISSUE_DATE,CUSTOMER_ID,TOT_PRICE,SHIP_NAME,SHIP_ADDRESS,SHIP_MOB) values (115209818,to_date('19-MAR-13','DD-MON-RR'),'w',10,'ee','sdf','1234567891');
Insert into HR.LOG_TABLE (ORDER_NO,ISSUE_DATE,CUSTOMER_ID,TOT_PRICE,SHIP_NAME,SHIP_ADDRESS,SHIP_MOB) values (115209819,to_date('19-MAR-13','DD-MON-RR'),'w',10,'ee','gds','1234567891');
Insert into HR.LOG_TABLE (ORDER_NO,ISSUE_DATE,CUSTOMER_ID,TOT_PRICE,SHIP_NAME,SHIP_ADDRESS,SHIP_MOB) values (2,to_date('15-MAR-13','DD-MON-RR'),'w',150820,'ee','IIITA boys Hostel, IIITA,
Room no. 712,
Jhalwa.','1234567891');
Insert into HR.LOG_TABLE (ORDER_NO,ISSUE_DATE,CUSTOMER_ID,TOT_PRICE,SHIP_NAME,SHIP_ADDRESS,SHIP_MOB) values (3,to_date('15-MAR-13','DD-MON-RR'),'w',1586420,'ee','jrfgiej ijgibjt
gtpglopthk
gtplght','1234567891');
Insert into HR.LOG_TABLE (ORDER_NO,ISSUE_DATE,CUSTOMER_ID,TOT_PRICE,SHIP_NAME,SHIP_ADDRESS,SHIP_MOB) values (115209820,to_date('19-MAR-13','DD-MON-RR'),'w',100,'ee','dwdw','1234567891');
Insert into HR.LOG_TABLE (ORDER_NO,ISSUE_DATE,CUSTOMER_ID,TOT_PRICE,SHIP_NAME,SHIP_ADDRESS,SHIP_MOB) values (1,to_date('03-APR-11','DD-MON-RR'),'iit2011115@iiita.ac.in',60450,'Joriwal Himalay Mohan','iiita allahabad, room no: 712, Allahabad','8000192535');
Insert into HR.LOG_TABLE (ORDER_NO,ISSUE_DATE,CUSTOMER_ID,TOT_PRICE,SHIP_NAME,SHIP_ADDRESS,SHIP_MOB) values (115209802,to_date('18-MAR-13','DD-MON-RR'),'haris_khan',10350,'haris','jajaaj','8601252506');
Insert into HR.LOG_TABLE (ORDER_NO,ISSUE_DATE,CUSTOMER_ID,TOT_PRICE,SHIP_NAME,SHIP_ADDRESS,SHIP_MOB) values (115209805,to_date('18-MAR-13','DD-MON-RR'),'w',110,'ee','dded','1234567891');
Insert into HR.LOG_TABLE (ORDER_NO,ISSUE_DATE,CUSTOMER_ID,TOT_PRICE,SHIP_NAME,SHIP_ADDRESS,SHIP_MOB) values (115209806,to_date('18-MAR-13','DD-MON-RR'),'w',2899,'ee','y45y54y54y','1234567891');
REM INSERTING into HR.INVOICE
SET DEFINE OFF;
Insert into HR.INVOICE (ORDER_NO,ITEM_ID,QUANTITY,SHOP_PRICE) values (115209807,'Musci1',1,100);
Insert into HR.INVOICE (ORDER_NO,ITEM_ID,QUANTITY,SHOP_PRICE) values (115209808,'Book1',1,150);
Insert into HR.INVOICE (ORDER_NO,ITEM_ID,QUANTITY,SHOP_PRICE) values (115209809,'Music2',1,10);
Insert into HR.INVOICE (ORDER_NO,ITEM_ID,QUANTITY,SHOP_PRICE) values (115209810,'Book3',11,250);
Insert into HR.INVOICE (ORDER_NO,ITEM_ID,QUANTITY,SHOP_PRICE) values (115209810,'Mobile2',7,10000);
Insert into HR.INVOICE (ORDER_NO,ITEM_ID,QUANTITY,SHOP_PRICE) values (115209811,'lapy4',2,50000);
Insert into HR.INVOICE (ORDER_NO,ITEM_ID,QUANTITY,SHOP_PRICE) values (115209812,'Musci1',1,100);
Insert into HR.INVOICE (ORDER_NO,ITEM_ID,QUANTITY,SHOP_PRICE) values (115209813,'fridge1',1,10000);
Insert into HR.INVOICE (ORDER_NO,ITEM_ID,QUANTITY,SHOP_PRICE) values (115209814,'bajaj iron',1,700);
Insert into HR.INVOICE (ORDER_NO,ITEM_ID,QUANTITY,SHOP_PRICE) values (115209815,'Musci1',1,100);
Insert into HR.INVOICE (ORDER_NO,ITEM_ID,QUANTITY,SHOP_PRICE) values (115209816,'Book3',10,250);
Insert into HR.INVOICE (ORDER_NO,ITEM_ID,QUANTITY,SHOP_PRICE) values (115209817,'Musci1',1,100);
Insert into HR.INVOICE (ORDER_NO,ITEM_ID,QUANTITY,SHOP_PRICE) values (115209817,'Music2',1,10);
Insert into HR.INVOICE (ORDER_NO,ITEM_ID,QUANTITY,SHOP_PRICE) values (115209818,'Music2',1,10);
Insert into HR.INVOICE (ORDER_NO,ITEM_ID,QUANTITY,SHOP_PRICE) values (115209819,'Music2',1,10);
Insert into HR.INVOICE (ORDER_NO,ITEM_ID,QUANTITY,SHOP_PRICE) values (2,'5',2,50000);
Insert into HR.INVOICE (ORDER_NO,ITEM_ID,QUANTITY,SHOP_PRICE) values (2,'Book2',3,100);
Insert into HR.INVOICE (ORDER_NO,ITEM_ID,QUANTITY,SHOP_PRICE) values (2,'Musci1',4,100);
Insert into HR.INVOICE (ORDER_NO,ITEM_ID,QUANTITY,SHOP_PRICE) values (2,'Musci1',1,100);
Insert into HR.INVOICE (ORDER_NO,ITEM_ID,QUANTITY,SHOP_PRICE) values (2,'Music2',2,10);
Insert into HR.INVOICE (ORDER_NO,ITEM_ID,QUANTITY,SHOP_PRICE) values (2,'3',1,50000);
Insert into HR.INVOICE (ORDER_NO,ITEM_ID,QUANTITY,SHOP_PRICE) values (3,'1',2,50000);
Insert into HR.INVOICE (ORDER_NO,ITEM_ID,QUANTITY,SHOP_PRICE) values (3,'2',2,45000);
Insert into HR.INVOICE (ORDER_NO,ITEM_ID,QUANTITY,SHOP_PRICE) values (3,'5',2,50000);
Insert into HR.INVOICE (ORDER_NO,ITEM_ID,QUANTITY,SHOP_PRICE) values (3,'Book2',3,100);
Insert into HR.INVOICE (ORDER_NO,ITEM_ID,QUANTITY,SHOP_PRICE) values (3,'3',20,50000);
Insert into HR.INVOICE (ORDER_NO,ITEM_ID,QUANTITY,SHOP_PRICE) values (3,'Musci1',4,100);
Insert into HR.INVOICE (ORDER_NO,ITEM_ID,QUANTITY,SHOP_PRICE) values (3,'Musci1',1,100);
Insert into HR.INVOICE (ORDER_NO,ITEM_ID,QUANTITY,SHOP_PRICE) values (3,'Music2',1,10);
Insert into HR.INVOICE (ORDER_NO,ITEM_ID,QUANTITY,SHOP_PRICE) values (3,'lapy4',1,50000);
Insert into HR.INVOICE (ORDER_NO,ITEM_ID,QUANTITY,SHOP_PRICE) values (3,'5',1,50000);
Insert into HR.INVOICE (ORDER_NO,ITEM_ID,QUANTITY,SHOP_PRICE) values (3,'1',1,50000);
Insert into HR.INVOICE (ORDER_NO,ITEM_ID,QUANTITY,SHOP_PRICE) values (3,'2',1,45000);
Insert into HR.INVOICE (ORDER_NO,ITEM_ID,QUANTITY,SHOP_PRICE) values (3,'3',1,50000);
Insert into HR.INVOICE (ORDER_NO,ITEM_ID,QUANTITY,SHOP_PRICE) values (3,'Book1',1,150);
Insert into HR.INVOICE (ORDER_NO,ITEM_ID,QUANTITY,SHOP_PRICE) values (3,'Book3',1,250);
Insert into HR.INVOICE (ORDER_NO,ITEM_ID,QUANTITY,SHOP_PRICE) values (3,'Book2',1,100);
Insert into HR.INVOICE (ORDER_NO,ITEM_ID,QUANTITY,SHOP_PRICE) values (3,'Musci1',1,100);
Insert into HR.INVOICE (ORDER_NO,ITEM_ID,QUANTITY,SHOP_PRICE) values (3,'Music2',1,10);
Insert into HR.INVOICE (ORDER_NO,ITEM_ID,QUANTITY,SHOP_PRICE) values (3,'5',1,50000);
Insert into HR.INVOICE (ORDER_NO,ITEM_ID,QUANTITY,SHOP_PRICE) values (115209820,'Musci1',1,100);
Insert into HR.INVOICE (ORDER_NO,ITEM_ID,QUANTITY,SHOP_PRICE) values (1,'Mobile2',1,10000);
Insert into HR.INVOICE (ORDER_NO,ITEM_ID,QUANTITY,SHOP_PRICE) values (1,'lapy4',1,50000);
Insert into HR.INVOICE (ORDER_NO,ITEM_ID,QUANTITY,SHOP_PRICE) values (1,'Book3',1,250);
Insert into HR.INVOICE (ORDER_NO,ITEM_ID,QUANTITY,SHOP_PRICE) values (1,'Musci1',2,100);
Insert into HR.INVOICE (ORDER_NO,ITEM_ID,QUANTITY,SHOP_PRICE) values (115209802,'Musci1',1,100);
Insert into HR.INVOICE (ORDER_NO,ITEM_ID,QUANTITY,SHOP_PRICE) values (115209802,'Book3',1,250);
Insert into HR.INVOICE (ORDER_NO,ITEM_ID,QUANTITY,SHOP_PRICE) values (115209802,'Mobile2',1,10000);
Insert into HR.INVOICE (ORDER_NO,ITEM_ID,QUANTITY,SHOP_PRICE) values (115209805,'Musci1',1,100);
Insert into HR.INVOICE (ORDER_NO,ITEM_ID,QUANTITY,SHOP_PRICE) values (115209805,'Music2',1,10);
Insert into HR.INVOICE (ORDER_NO,ITEM_ID,QUANTITY,SHOP_PRICE) values (115209806,'EurekaVaccum1',1,2899);
--------------------------------------------------------
--  Constraints for Table CATEGORY
--------------------------------------------------------

  ALTER TABLE "HR"."CATEGORY" MODIFY ("CAT" NOT NULL ENABLE);
--------------------------------------------------------
--  Constraints for Table ITEM
--------------------------------------------------------

  ALTER TABLE "HR"."ITEM" MODIFY ("ITEM_NAME" NOT NULL ENABLE);
 
  ALTER TABLE "HR"."ITEM" MODIFY ("ITEM_PRICE" NOT NULL ENABLE);
 
  ALTER TABLE "HR"."ITEM" MODIFY ("ITEM_CAT" NOT NULL ENABLE);
 
  ALTER TABLE "HR"."ITEM" MODIFY ("ITEM_DETAIL" NOT NULL ENABLE);
 
  ALTER TABLE "HR"."ITEM" ADD PRIMARY KEY ("ITEM_ID")
  USING INDEX PCTFREE 10 INITRANS 2 MAXTRANS 255 COMPUTE STATISTICS 
  STORAGE(INITIAL 65536 NEXT 1048576 MINEXTENTS 1 MAXEXTENTS 2147483645
  PCTINCREASE 0 FREELISTS 1 FREELIST GROUPS 1 BUFFER_POOL DEFAULT)
  TABLESPACE "USERS"  ENABLE;
--------------------------------------------------------
--  Constraints for Table ADMIN_TABLE
--------------------------------------------------------

  ALTER TABLE "HR"."ADMIN_TABLE" MODIFY ("ADMIN_NAME" NOT NULL ENABLE);
 
  ALTER TABLE "HR"."ADMIN_TABLE" MODIFY ("ADMIN_MOB" NOT NULL ENABLE);
 
  ALTER TABLE "HR"."ADMIN_TABLE" MODIFY ("ADMIN_PWD" NOT NULL ENABLE);
 
  ALTER TABLE "HR"."ADMIN_TABLE" MODIFY ("ADMIN_SQUES" NOT NULL ENABLE);
 
  ALTER TABLE "HR"."ADMIN_TABLE" MODIFY ("ADMIN_SANS" NOT NULL ENABLE);
 
  ALTER TABLE "HR"."ADMIN_TABLE" ADD PRIMARY KEY ("ADMIN_ID")
  USING INDEX PCTFREE 10 INITRANS 2 MAXTRANS 255 COMPUTE STATISTICS 
  STORAGE(INITIAL 65536 NEXT 1048576 MINEXTENTS 1 MAXEXTENTS 2147483645
  PCTINCREASE 0 FREELISTS 1 FREELIST GROUPS 1 BUFFER_POOL DEFAULT)
  TABLESPACE "USERS"  ENABLE;
--------------------------------------------------------
--  Constraints for Table CUSTOMER
--------------------------------------------------------

  ALTER TABLE "HR"."CUSTOMER" MODIFY ("CUSTOMER_NAME" NOT NULL ENABLE);
 
  ALTER TABLE "HR"."CUSTOMER" MODIFY ("CUSTOMER_PWD" NOT NULL ENABLE);
 
  ALTER TABLE "HR"."CUSTOMER" MODIFY ("CUSTOMER_SQUES" NOT NULL ENABLE);
 
  ALTER TABLE "HR"."CUSTOMER" MODIFY ("CUSTOMER_SANS" NOT NULL ENABLE);
 
  ALTER TABLE "HR"."CUSTOMER" ADD PRIMARY KEY ("CUSTOMER_ID")
  USING INDEX PCTFREE 10 INITRANS 2 MAXTRANS 255 COMPUTE STATISTICS 
  STORAGE(INITIAL 65536 NEXT 1048576 MINEXTENTS 1 MAXEXTENTS 2147483645
  PCTINCREASE 0 FREELISTS 1 FREELIST GROUPS 1 BUFFER_POOL DEFAULT)
  TABLESPACE "USERS"  ENABLE;
--------------------------------------------------------
--  Constraints for Table LOG_TABLE
--------------------------------------------------------

  ALTER TABLE "HR"."LOG_TABLE" ADD PRIMARY KEY ("ORDER_NO")
  USING INDEX PCTFREE 10 INITRANS 2 MAXTRANS 255 COMPUTE STATISTICS 
  STORAGE(INITIAL 65536 NEXT 1048576 MINEXTENTS 1 MAXEXTENTS 2147483645
  PCTINCREASE 0 FREELISTS 1 FREELIST GROUPS 1 BUFFER_POOL DEFAULT)
  TABLESPACE "USERS"  ENABLE;





--------------------------------------------------------
--  Ref Constraints for Table LOG_TABLE
--------------------------------------------------------

  ALTER TABLE "HR"."LOG_TABLE" ADD CONSTRAINT "CK3_FOREIGN" FOREIGN KEY ("CUSTOMER_ID")
	  REFERENCES "HR"."CUSTOMER" ("CUSTOMER_ID") ENABLE;
--------------------------------------------------------
--  Ref Constraints for Table INVOICE
--------------------------------------------------------

  ALTER TABLE "HR"."INVOICE" ADD CONSTRAINT "CK1_FOREIGN" FOREIGN KEY ("ITEM_ID")
	  REFERENCES "HR"."ITEM" ("ITEM_ID") ENABLE;
 
  ALTER TABLE "HR"."INVOICE" ADD CONSTRAINT "CK2_FOREIGN" FOREIGN KEY ("ORDER_NO")
	  REFERENCES "HR"."LOG_TABLE" ("ORDER_NO") ENABLE;
